old_path,new_path
/index.html,/
/index.php,/
/#ofirmie,/o-nas/
/#informacje,/zapisy/
/#pliki,/do-pobrania/
/#galeriavideo,/galeria/
/#galeriazdjecia,/galeria/
/#galeriazdjecia_stat,/zdawalnosc/
/#kontakt,/kontakt/
/pliki/Regulamin - OSK Ostrycharz.pdf,/do-pobrania/
/pliki/Regulamin%20-%20OSK%20Ostrycharz.pdf,/do-pobrania/
/pliki/umowa_z_kursantem_OSK_Ostrycharz.pdf,/do-pobrania/
/pliki/oswiadczenie_dot_stanu_zdrowia.pdf,/do-pobrania/
/pliki/wzor_oplata_za_egzamin.pdf,/do-pobrania/
/pliki/zgoda_rodzicow_niepelnoletni.pdf,/do-pobrania/
